config,w_mse,out_mse,w_bytes,ratio,ms,gb_s,input_rot_ms,fused_decode_ms,output_rot_ms,output_scale_ms
FP16 baseline,,,33554432,1.0,0.022814965000179654,1471.438417711167,,,,
QTIP K=2,0.071462,299.802887,4229120,7.93,0.837,5.1,0.015,0.840,0.010,0.006
QTIP K=3,0.018798,80.885757,6326272,5.30,0.825,7.7,0.016,0.830,0.010,0.007
QTIP K=4,0.005668,24.099611,8423424,3.98,0.822,10.3,0.015,0.837,0.010,0.007
