config,w_mse,out_mse,w_bytes,ratio,ms,gb_s
FP16 baseline,,,33554432,1.0,0.05098585499922592,658.4339127099012
QTIP K=2,0.071462,299.955139,4229120,7.93,1.126,3.8
QTIP K=3,0.018798,80.893799,6326272,5.30,1.056,6.0
QTIP K=4,0.005668,24.100716,8423424,3.98,1.060,8.0
